{"ZR": {"1": {"accuracy": [0.033715264059001715], "precision": [0.0011367190305682127], "recall": [0.033715264059001715], "f1": [0.0021992884696405753]}, "2": {"accuracy": [0.033583563808771234], "precision": [0.0011278557580978092], "recall": [0.033583563808771234], "f1": [0.0021824181374201492]}, "3": {"accuracy": [0.033583563808771234], "precision": [0.0011278557580978092], "recall": [0.033583563808771234], "f1": [0.0021824181374201492]}, "4": {"accuracy": [0.033583563808771234], "precision": [0.0011278557580978092], "recall": [0.033583563808771234], "f1": [0.0021824181374201492]}, "5": {"accuracy": [0.033583563808771234], "precision": [0.0011278557580978092], "recall": [0.033583563808771234], "f1": [0.0021824181374201492]}}, "DT": {"1": {"accuracy": [0.5501119452126959], "precision": [0.5515031005123541], "recall": [0.5501119452126959], "f1": [0.5501085483935099]}, "2": {"accuracy": [0.5395759251942579], "precision": [0.5418408431356955], "recall": [0.5395759251942579], "f1": [0.5402268478217828]}, "3": {"accuracy": [0.5424733306993283], "precision": [0.5444851075642936], "recall": [0.5424733306993283], "f1": [0.5431315955172042]}, "4": {"accuracy": [0.5433952324509417], "precision": [0.543644249978559], "recall": [0.5433952324509417], "f1": [0.5429832082059737]}, "5": {"accuracy": [0.5258790991702884], "precision": [0.5298522370116495], "recall": [0.5258790991702884], "f1": [0.5270983603195205]}}, "KNN": {"1": {"accuracy": [0.5655208744896615], "precision": [0.5914305014832374], "recall": [0.5655208744896615], "f1": [0.5559567679366081]}, "2": {"accuracy": [0.5589358619781377], "precision": [0.5819624979009472], "recall": [0.5589358619781377], "f1": [0.5506919857459431]}, "3": {"accuracy": [0.5593309627288292], "precision": [0.5881992129188955], "recall": [0.5593309627288292], "f1": [0.5499312291050383]}, "4": {"accuracy": [0.5591992624785987], "precision": [0.5874740325627578], "recall": [0.5591992624785987], "f1": [0.550575796532554]}, "5": {"accuracy": [0.5559067562228368], "precision": [0.5865881202805183], "recall": [0.5559067562228368], "f1": [0.5489836557166625]}}, "NB": {"1": {"accuracy": [0.4685894903200316], "precision": [0.48251458701819433], "recall": [0.4685894903200316], "f1": [0.4537908919125392]}, "2": {"accuracy": [0.4654286843145002], "precision": [0.48791967951060233], "recall": [0.4654286843145002], "f1": [0.45374896784121443]}, "3": {"accuracy": [0.4641116818121954], "precision": [0.48274558671733414], "recall": [0.4641116818121954], "f1": [0.45023952464264627]}, "4": {"accuracy": [0.4757013038324773], "precision": [0.4905004396310528], "recall": [0.4757013038324773], "f1": [0.46226056172786084]}, "5": {"accuracy": [0.4654286843145002], "precision": [0.480363372234105], "recall": [0.4654286843145002], "f1": [0.45067827407285094]}}, "SVM": {"1": {"accuracy": [0.8066640326616621], "precision": [0.8061167474678148], "recall": [0.8066640326616621], "f1": [0.8054974905489073]}, "2": {"accuracy": [0.7862504938759384], "precision": [0.7866535354886574], "recall": [0.7862504938759384], "f1": [0.7855071029677655]}, "3": {"accuracy": [0.804688528908205], "precision": [0.8050314139177405], "recall": [0.804688528908205], "f1": [0.8039373429532565]}, "4": {"accuracy": [0.7999473198999079], "precision": [0.8002359581516392], "recall": [0.7999473198999079], "f1": [0.7989991091749407]}, "5": {"accuracy": [0.7905966021335441], "precision": [0.7918744016398331], "recall": [0.7905966021335441], "f1": [0.7904176351484962]}}, "LR": {"1": {"accuracy": [0.7570130383247728], "precision": [0.7557680049679458], "recall": [0.7570130383247728], "f1": [0.7557572707226226]}, "2": {"accuracy": [0.7475306203081786], "precision": [0.7457035533659837], "recall": [0.7475306203081786], "f1": [0.7459915282639974]}, "3": {"accuracy": [0.7537205320690109], "precision": [0.7532373529998935], "recall": [0.7537205320690109], "f1": [0.7530132066693309]}, "4": {"accuracy": [0.7521401290662453], "precision": [0.7510480728342106], "recall": [0.7521401290662453], "f1": [0.7510674025920333]}, "5": {"accuracy": [0.7433162123008034], "precision": [0.743172291375525], "recall": [0.7433162123008034], "f1": [0.742593161323811]}}, "AB": {"1": {"accuracy": [0.08178585539312525], "precision": [0.023029727991750907], "recall": [0.08178585539312525], "f1": [0.022684188625796967]}, "2": {"accuracy": [0.08389305939681285], "precision": [0.020469655482944844], "recall": [0.08389305939681285], "f1": [0.024926167373117238]}, "3": {"accuracy": [0.08652706440142237], "precision": [0.022263355890632056], "recall": [0.08652706440142237], "f1": [0.027611652170509617]}, "4": {"accuracy": [0.09429737916502041], "precision": [0.03048803722510412], "recall": [0.09429737916502041], "f1": [0.03699079362269969]}, "5": {"accuracy": [0.0937705781640985], "precision": [0.03145338402990942], "recall": [0.0937705781640985], "f1": [0.037553324610455685]}}, "RF": {"1": {"accuracy": [0.7766363756091137], "precision": [0.7747807974869256], "recall": [0.7766363756091137], "f1": [0.7733534325791579]}, "2": {"accuracy": [0.775055972606348], "precision": [0.7731980184560094], "recall": [0.775055972606348], "f1": [0.7711416063666113]}, "3": {"accuracy": [0.7867772948768602], "precision": [0.7857548429723195], "recall": [0.7867772948768602], "f1": [0.7839107020309916]}, "4": {"accuracy": [0.7768997761095746], "precision": [0.7747449167577793], "recall": [0.7768997761095746], "f1": [0.7732505145897008]}, "5": {"accuracy": [0.7771631766100355], "precision": [0.7759526960543054], "recall": [0.7771631766100355], "f1": [0.7743339585971672]}}}