{"ZR": {"1": {"accuracy": [0.0335297969875573], "precision": [0.0011242472860268067], "recall": [0.0335297969875573], "f1": [0.002175548860426985]}, "2": {"accuracy": [0.033005436189490034], "precision": [0.0010893588180584982], "recall": [0.033005436189490034], "f1": [0.0021091056830772983]}, "3": {"accuracy": [0.03303964757709251], "precision": [0.001091618312018475], "recall": [0.03303964757709251], "f1": [0.0021134102927777725]}, "4": {"accuracy": [0.03507810359002467], "precision": [0.0012304733514725014], "recall": [0.03507810359002467], "f1": [0.0023775468676320664]}, "5": {"accuracy": [0.03360569319978914], "precision": [0.0011293426154383541], "recall": [0.03360569319978914], "f1": [0.002185248442164027]}}, "DT": {"1": {"accuracy": [0.3155206286836935], "precision": [0.3237677115332], "recall": [0.3155206286836935], "f1": [0.31426363466003937]}, "2": {"accuracy": [0.41690396065234275], "precision": [0.4163042925018728], "recall": [0.41690396065234275], "f1": [0.4101359466999119]}, "3": {"accuracy": [0.5120497538222337], "precision": [0.5078678576631358], "recall": [0.5120497538222337], "f1": [0.5055019140568313]}, "4": {"accuracy": [0.4713620169909564], "precision": [0.4880045011071701], "recall": [0.4713620169909564], "f1": [0.46766243808857544]}, "5": {"accuracy": [0.3974696889826041], "precision": [0.40832669038786573], "recall": [0.3974696889826041], "f1": [0.39471797691207905]}}, "KNN": {"1": {"accuracy": [0.3428945645055665], "precision": [0.36896886679997515], "recall": [0.3428945645055665], "f1": [0.3328131408797191]}, "2": {"accuracy": [0.4487444990939684], "precision": [0.49093235450462963], "recall": [0.4487444990939684], "f1": [0.43530658311941123]}, "3": {"accuracy": [0.552863436123348], "precision": [0.5710037860768602], "recall": [0.552863436123348], "f1": [0.5368835172861958]}, "4": {"accuracy": [0.5357632228007674], "precision": [0.5676821485713789], "recall": [0.5357632228007674], "f1": [0.5297303670933657]}, "5": {"accuracy": [0.4806273062730627], "precision": [0.5072358980759201], "recall": [0.4806273062730627], "f1": [0.4643809599123687]}}, "NB": {"1": {"accuracy": [0.32115258677144726], "precision": [0.35539086594191377], "recall": [0.32115258677144726], "f1": [0.3196689722381031]}, "2": {"accuracy": [0.3933471395288636], "precision": [0.4013683190918109], "recall": [0.3933471395288636], "f1": [0.37670278205287083]}, "3": {"accuracy": [0.4845814977973568], "precision": [0.5114527879606361], "recall": [0.4845814977973568], "f1": [0.46215443500137776]}, "4": {"accuracy": [0.4186078377637709], "precision": [0.462643481957101], "recall": [0.4186078377637709], "f1": [0.4091709608479455]}, "5": {"accuracy": [0.3599103848181339], "precision": [0.3573209297990846], "recall": [0.3599103848181339], "f1": [0.33212444610972597]}}, "SVM": {"1": {"accuracy": [0.5377865094957432], "precision": [0.5436455842774217], "recall": [0.5377865094957432], "f1": [0.5337679429665079]}, "2": {"accuracy": [0.6818534817499353], "precision": [0.6834143348406126], "recall": [0.6818534817499353], "f1": [0.6720976241328479]}, "3": {"accuracy": [0.7849183726353978], "precision": [0.7823941623055668], "recall": [0.7849183726353978], "f1": [0.7772568167193342]}, "4": {"accuracy": [0.7155385036996438], "precision": [0.7323081035288199], "recall": [0.7155385036996438], "f1": [0.7146768140240484]}, "5": {"accuracy": [0.6968898260411176], "precision": [0.7160448484547587], "recall": [0.6968898260411176], "f1": [0.6974692390562184]}}, "LR": {"1": {"accuracy": [0.5358218729535036], "precision": [0.5390252886860349], "recall": [0.5358218729535036], "f1": [0.5292240998262269]}, "2": {"accuracy": [0.6633445508672017], "precision": [0.6657012732053534], "recall": [0.6633445508672017], "f1": [0.6582253086689924]}, "3": {"accuracy": [0.7298522933402436], "precision": [0.7288721635560116], "recall": [0.7298522933402436], "f1": [0.7223107470060101]}, "4": {"accuracy": [0.7074540970128802], "precision": [0.7120237105303636], "recall": [0.7074540970128802], "f1": [0.7049999478410122]}, "5": {"accuracy": [0.6754085397996837], "precision": [0.6846728885976319], "recall": [0.6754085397996837], "f1": [0.6743230729271549]}}, "AB": {"1": {"accuracy": [0.0822527832351015], "precision": [0.024273627024251353], "recall": [0.0822527832351015], "f1": [0.029070200474880115]}, "2": {"accuracy": [0.07312969194926223], "precision": [0.009268623557860645], "recall": [0.07312969194926223], "f1": [0.014799139420388355]}, "3": {"accuracy": [0.11661052086032651], "precision": [0.028999289792368068], "recall": [0.11661052086032651], "f1": [0.03571552582166826]}, "4": {"accuracy": [0.05439846533296794], "precision": [0.034292616951685895], "recall": [0.05439846533296794], "f1": [0.026337450329302046]}, "5": {"accuracy": [0.10345282024248814], "precision": [0.04017192535374275], "recall": [0.10345282024248814], "f1": [0.0473332459991819]}}, "RF": {"1": {"accuracy": [0.4779305828421742], "precision": [0.4727862343322727], "recall": [0.4779305828421742], "f1": [0.46458180656389025]}, "2": {"accuracy": [0.6017344033134869], "precision": [0.5933935706973076], "recall": [0.6017344033134869], "f1": [0.5825465464274294]}, "3": {"accuracy": [0.738922000518269], "precision": [0.7342868135230793], "recall": [0.738922000518269], "f1": [0.7272757503578708]}, "4": {"accuracy": [0.641682652781584], "precision": [0.6609541090309548], "recall": [0.641682652781584], "f1": [0.6353118400862122]}, "5": {"accuracy": [0.6092514496573537], "precision": [0.6323610604148843], "recall": [0.6092514496573537], "f1": [0.6034522896261867]}}}