{"stack": 2, "ZR": {"1": {"accuracy": [0.03149915043785126], "precision": [0.0009921964783063853], "recall": [0.03149915043785126], "f1": [0.0019237950470152444]}, "2": {"accuracy": [0.031177231565329883], "precision": [0.0009720197680782021], "recall": [0.031177231565329883], "f1": [0.001885262277567307]}, "3": {"accuracy": [0.03119337302614548], "precision": [0.0009730265207482606], "recall": [0.03119337302614548], "f1": [0.0018871853644536365]}, "4": {"accuracy": [0.03226688542521192], "precision": [0.0010411518950437534], "recall": [0.03226688542521192], "f1": [0.0020172145590331165]}, "5": {"accuracy": [0.03148465287840864], "precision": [0.0009912833668738856], "recall": [0.03148465287840864], "f1": [0.001922051606114857]}}, "DT": {"1": {"accuracy": [0.16625277741471703], "precision": [0.6130009181963573], "recall": [0.16625277741471703], "f1": [0.21112082463546114]}, "2": {"accuracy": [0.23272962483829238], "precision": [0.7303956902835328], "recall": [0.23272962483829238], "f1": [0.3023295790261702]}, "3": {"accuracy": [0.3287600310639399], "precision": [0.838848186728821], "recall": [0.3287600310639399], "f1": [0.41597337451030914]}, "4": {"accuracy": [0.2897183483729833], "precision": [0.7725295216461502], "recall": [0.2897183483729833], "f1": [0.36702377801846964]}, "5": {"accuracy": [0.21723093136609142], "precision": [0.729826678931954], "recall": [0.21723093136609142], "f1": [0.27422371457047073]}}, "KNN": {"1": {"accuracy": [0.34256959874526205], "precision": [0.500707411739521], "recall": [0.34256959874526205], "f1": [0.36461607970653837]}, "2": {"accuracy": [0.4646830530401035], "precision": [0.6178402605777673], "recall": [0.4646830530401035], "f1": [0.4840674353859297]}, "3": {"accuracy": [0.5744240227802226], "precision": [0.7290334192794758], "recall": [0.5744240227802226], "f1": [0.5969508323635393]}, "4": {"accuracy": [0.5575608422203993], "precision": [0.6928265981741317], "recall": [0.5575608422203993], "f1": [0.5860492057612819]}, "5": {"accuracy": [0.49505993940192333], "precision": [0.628454562179563], "recall": [0.49505993940192333], "f1": [0.5020402100385156]}}, "NB": {"1": {"accuracy": [0.40413017906156057], "precision": [0.4631129618037562], "recall": [0.40413017906156057], "f1": [0.4080104459708177]}, "2": {"accuracy": [0.48059508408796897], "precision": [0.5058220425027365], "recall": [0.48059508408796897], "f1": [0.46677044562738934]}, "3": {"accuracy": [0.5733885581154543], "precision": [0.5896853785283408], "recall": [0.5733885581154543], "f1": [0.5583681123549292]}, "4": {"accuracy": [0.5047853431774678], "precision": [0.5305283402798452], "recall": [0.5047853431774678], "f1": [0.4896166853364498]}, "5": {"accuracy": [0.4227374522460809], "precision": [0.43576958355102496], "recall": [0.4227374522460809], "f1": [0.39992025326424613]}}, "SVM": {"1": {"accuracy": [0.6838321788001568], "precision": [0.6856193902438364], "recall": [0.6838321788001568], "f1": [0.6761111945836249]}, "2": {"accuracy": [0.8296248382923674], "precision": [0.8319196316373936], "recall": [0.8296248382923674], "f1": [0.8174695490272]}, "3": {"accuracy": [0.9042195185089309], "precision": [0.9063288726556624], "recall": [0.9042195185089309], "f1": [0.8975566462213898]}, "4": {"accuracy": [0.8285479901558654], "precision": [0.8419763229432997], "recall": [0.8285479901558654], "f1": [0.8273473393277618]}, "5": {"accuracy": [0.8186009748386247], "precision": [0.834732264574717], "recall": [0.8186009748386247], "f1": [0.8178535992921542]}}, "LR": {"1": {"accuracy": [0.6737681348843289], "precision": [0.6750235715981371], "recall": [0.6737681348843289], "f1": [0.6626018332229098]}, "2": {"accuracy": [0.807503234152652], "precision": [0.8051970819485755], "recall": [0.807503234152652], "f1": [0.7978734397260785]}, "3": {"accuracy": [0.8572353093450686], "precision": [0.8623239499433585], "recall": [0.8572353093450686], "f1": [0.8504836924217211]}, "4": {"accuracy": [0.8284112660650806], "precision": [0.8335921123410975], "recall": [0.8284112660650806], "f1": [0.8252705020893003]}, "5": {"accuracy": [0.8149123962587275], "precision": [0.8224348698674294], "recall": [0.8149123962587275], "f1": [0.8143768454525383]}}, "AB": {"1": {"accuracy": [0.0926676251470396], "precision": [0.03478256400734734], "recall": [0.0926676251470396], "f1": [0.04185347554916222]}, "2": {"accuracy": [0.0852522639068564], "precision": [0.01571555960296153], "recall": [0.0852522639068564], "f1": [0.024823359052885376]}, "3": {"accuracy": [0.12787988609888687], "precision": [0.032882023700116364], "recall": [0.12787988609888687], "f1": [0.04393378369084241]}, "4": {"accuracy": [0.055373256767842494], "precision": [0.034200748425416726], "recall": [0.055373256767842494], "f1": [0.02884805402754201]}, "5": {"accuracy": [0.12027400869450665], "precision": [0.0448918145785014], "recall": [0.12027400869450665], "f1": [0.05668370140962103]}}, "RF": {"1": {"accuracy": [0.5969154358907333], "precision": [0.6001501391412153], "recall": [0.5969154358907333], "f1": [0.5817786829183196]}, "2": {"accuracy": [0.7298835705045278], "precision": [0.7271063351087206], "recall": [0.7298835705045278], "f1": [0.7114414058406112]}, "3": {"accuracy": [0.851928552938131], "precision": [0.8523520680819077], "recall": [0.851928552938131], "f1": [0.8402100918587803]}, "4": {"accuracy": [0.7444626743232158], "precision": [0.7630440333594435], "recall": [0.7444626743232158], "f1": [0.7384048602489929]}, "5": {"accuracy": [0.7234883414569886], "precision": [0.7493996004615558], "recall": [0.7234883414569886], "f1": [0.715003154036359]}}}