{"stack": 4, "ZR": {"1": {"accuracy": [0.030369127516778522], "precision": [0.0009222839061303544], "recall": [0.030369127516778522], "f1": [0.0017902009707008344]}, "2": {"accuracy": [0.03037583662261884], "precision": [0.0009226914505240321], "recall": [0.03037583662261884], "f1": [0.0017909803738186327]}, "3": {"accuracy": [0.03051602948739928], "precision": [0.0009312280556758224], "recall": [0.03051602948739928], "f1": [0.0018073043582622099]}, "4": {"accuracy": [0.03055939226519337], "precision": [0.0009338764556179603], "recall": [0.03055939226519337], "f1": [0.0018123680452133445]}, "5": {"accuracy": [0.030505569837189373], "precision": [0.0009305897910916381], "recall": [0.030505569837189373], "f1": [0.001806083961756098]}}, "DT": {"1": {"accuracy": [0.08104026845637584], "precision": [0.6651291269108627], "recall": [0.08104026845637584], "f1": [0.08848554298038892]}, "2": {"accuracy": [0.09661918654539214], "precision": [0.7706295362243183], "recall": [0.09661918654539214], "f1": [0.11050879017114214]}, "3": {"accuracy": [0.133893365335162], "precision": [0.718159463376535], "recall": [0.133893365335162], "f1": [0.15603438968023012]}, "4": {"accuracy": [0.1457182320441989], "precision": [0.7941488357238362], "recall": [0.1457182320441989], "f1": [0.17394108212752238]}, "5": {"accuracy": [0.0959725792630677], "precision": [0.7067338726420814], "recall": [0.0959725792630677], "f1": [0.11061528443362269]}}, "KNN": {"1": {"accuracy": [0.263255033557047], "precision": [0.7067097246082574], "recall": [0.263255033557047], "f1": [0.3171782044363526]}, "2": {"accuracy": [0.3180024026085464], "precision": [0.7540527629204533], "recall": [0.3180024026085464], "f1": [0.36859823430136485]}, "3": {"accuracy": [0.37167838162180694], "precision": [0.8198760277672167], "recall": [0.37167838162180694], "f1": [0.4400591229119514]}, "4": {"accuracy": [0.38415055248618785], "precision": [0.809006904211559], "recall": [0.38415055248618785], "f1": [0.46024985563674176]}, "5": {"accuracy": [0.34567266495287063], "precision": [0.8042895366274249], "recall": [0.34567266495287063], "f1": [0.3973961400322529]}}, "NB": {"1": {"accuracy": [0.4602348993288591], "precision": [0.583759394864777], "recall": [0.4602348993288591], "f1": [0.4593933608598786]}, "2": {"accuracy": [0.5551741891196156], "precision": [0.6000077739229949], "recall": [0.5551741891196156], "f1": [0.532012091530963]}, "3": {"accuracy": [0.5390022286987828], "precision": [0.5835722236515523], "recall": [0.5390022286987828], "f1": [0.5246330482180254]}, "4": {"accuracy": [0.5481698895027625], "precision": [0.5809020565519172], "recall": [0.5481698895027625], "f1": [0.5255057885946467]}, "5": {"accuracy": [0.5422450728363325], "precision": [0.575802067094797], "recall": [0.5422450728363325], "f1": [0.5136186229271618]}}, "SVM": {"1": {"accuracy": [0.7895973154362416], "precision": [0.7967271727746833], "recall": [0.7895973154362416], "f1": [0.7798119017511987]}, "2": {"accuracy": [0.8863909387334821], "precision": [0.9002103431007068], "recall": [0.8863909387334821], "f1": [0.8812342827034071]}, "3": {"accuracy": [0.9171952683010458], "precision": [0.9252533226184425], "recall": [0.9171952683010458], "f1": [0.9057728265373194]}, "4": {"accuracy": [0.8976174033149171], "precision": [0.9049167167585014], "recall": [0.8976174033149171], "f1": [0.8836990178761016]}, "5": {"accuracy": [0.9055698371893744], "precision": [0.9174081078477243], "recall": [0.9055698371893744], "f1": [0.9014953463787403]}}, "LR": {"1": {"accuracy": [0.7812080536912752], "precision": [0.7888237700537998], "recall": [0.7812080536912752], "f1": [0.7672231024669947]}, "2": {"accuracy": [0.8786682684056976], "precision": [0.8895947652382061], "recall": [0.8786682684056976], "f1": [0.8681335309671705]}, "3": {"accuracy": [0.8959369106806103], "precision": [0.9052101054318151], "recall": [0.8959369106806103], "f1": [0.8859618050341668]}, "4": {"accuracy": [0.8869129834254144], "precision": [0.8928823735689395], "recall": [0.8869129834254144], "f1": [0.8788449329973912]}, "5": {"accuracy": [0.9223650385604113], "precision": [0.9274488991177169], "recall": [0.9223650385604113], "f1": [0.9214550589808155]}}, "AB": {"1": {"accuracy": [0.14026845637583893], "precision": [0.12349555764069481], "recall": [0.14026845637583893], "f1": [0.09545015825207642]}, "2": {"accuracy": [0.11721297408615068], "precision": [0.10674043152363943], "recall": [0.11721297408615068], "f1": [0.07919600778965481]}, "3": {"accuracy": [0.11812103548774215], "precision": [0.09110022467703513], "recall": [0.11812103548774215], "f1": [0.05630724912904625]}, "4": {"accuracy": [0.06767955801104972], "precision": [0.0118757248268412], "recall": [0.06767955801104972], "f1": [0.019276194413790936]}, "5": {"accuracy": [0.09734361610968295], "precision": [0.0525066076482317], "recall": [0.09734361610968295], "f1": [0.053032927706195596]}}, "RF": {"1": {"accuracy": [0.7028523489932886], "precision": [0.7209450819660943], "recall": [0.7028523489932886], "f1": [0.6848178787596572]}, "2": {"accuracy": [0.7854813797837652], "precision": [0.7884489464236896], "recall": [0.7854813797837652], "f1": [0.7657901589213613]}, "3": {"accuracy": [0.8318189610834905], "precision": [0.8331740748948826], "recall": [0.8318189610834905], "f1": [0.8162336979267286]}, "4": {"accuracy": [0.8125], "precision": [0.7962628203706689], "recall": [0.8125], "f1": [0.7981023179035591]}, "5": {"accuracy": [0.7876606683804627], "precision": [0.7997624920719323], "recall": [0.7876606683804627], "f1": [0.7651065540743407]}}}