{"stack": 1, "ZR": {"1": {"accuracy": [0.03296888141295206], "precision": [0.0010869471416212959], "recall": [0.03296888141295206], "f1": [0.002104510912534963]}, "2": {"accuracy": [0.033453422542460115], "precision": [0.0011191314798043785], "recall": [0.033453422542460115], "f1": [0.0021658092283465213]}, "3": {"accuracy": [0.033607681755829906], "precision": [0.0011294762730011422], "recall": [0.033607681755829906], "f1": [0.0021855028613612013]}, "4": {"accuracy": [0.0337465564738292], "precision": [0.0011388300738413436], "recall": [0.0337465564738292], "f1": [0.002203306152188715]}, "5": {"accuracy": [0.033555897962677626], "precision": [0.0011259982880816324], "recall": [0.033555897962677626], "f1": [0.002178882226498199]}}, "DT": {"1": {"accuracy": [0.34953742640874685], "precision": [0.35892722581988756], "recall": [0.34953742640874685], "f1": [0.3486818966732645]}, "2": {"accuracy": [0.41053353920054897], "precision": [0.4164696912837603], "recall": [0.41053353920054897], "f1": [0.4063099233879931]}, "3": {"accuracy": [0.463477366255144], "precision": [0.4683365204856744], "recall": [0.463477366255144], "f1": [0.4620492104973477]}, "4": {"accuracy": [0.4540289256198347], "precision": [0.45733658476818767], "recall": [0.4540289256198347], "f1": [0.44751828168809005]}, "5": {"accuracy": [0.41140215716486905], "precision": [0.4213595786854901], "recall": [0.41140215716486905], "f1": [0.4077855862347475]}}, "KNN": {"1": {"accuracy": [0.35777964676198487], "precision": [0.3779160667795256], "recall": [0.35777964676198487], "f1": [0.34358248944620406]}, "2": {"accuracy": [0.41670955566992623], "precision": [0.4629305167987396], "recall": [0.41670955566992623], "f1": [0.40588398567207623]}, "3": {"accuracy": [0.4732510288065844], "precision": [0.5089241960024631], "recall": [0.4732510288065844], "f1": [0.4624375659144315]}, "4": {"accuracy": [0.4703856749311295], "precision": [0.4961070429268694], "recall": [0.4703856749311295], "f1": [0.45929037832359915]}, "5": {"accuracy": [0.4478685156651258], "precision": [0.47894413911255873], "recall": [0.4478685156651258], "f1": [0.4319485720715509]}}, "NB": {"1": {"accuracy": [0.33860386879730864], "precision": [0.36570452551579463], "recall": [0.33860386879730864], "f1": [0.32842828593145396]}, "2": {"accuracy": [0.4024704065877509], "precision": [0.4196660870417564], "recall": [0.4024704065877509], "f1": [0.3794552331699698]}, "3": {"accuracy": [0.44650205761316875], "precision": [0.48252244913784936], "recall": [0.44650205761316875], "f1": [0.42996470420383676]}, "4": {"accuracy": [0.41460055096418735], "precision": [0.4430847274947953], "recall": [0.41460055096418735], "f1": [0.39911703807125953]}, "5": {"accuracy": [0.3954802259887006], "precision": [0.3896744295066362], "recall": [0.3954802259887006], "f1": [0.36350005663277035]}}, "SVM": {"1": {"accuracy": [0.5567703952901598], "precision": [0.5586396448644823], "recall": [0.5567703952901598], "f1": [0.5472547420545631]}, "2": {"accuracy": [0.6630639903928632], "precision": [0.671879720071291], "recall": [0.6630639903928632], "f1": [0.6578667774883421]}, "3": {"accuracy": [0.717764060356653], "precision": [0.7178335679074599], "recall": [0.717764060356653], "f1": [0.7123437312797053]}, "4": {"accuracy": [0.7105716253443526], "precision": [0.7124585405531918], "recall": [0.7105716253443526], "f1": [0.7013454570411215]}, "5": {"accuracy": [0.6884095189179935], "precision": [0.7103271824153351], "recall": [0.6884095189179935], "f1": [0.687725463344229]}}, "LR": {"1": {"accuracy": [0.5623212783851976], "precision": [0.5591572523283233], "recall": [0.5623212783851976], "f1": [0.5529096029421368]}, "2": {"accuracy": [0.6550008577800652], "precision": [0.6599214863968361], "recall": [0.6550008577800652], "f1": [0.6486816536852529]}, "3": {"accuracy": [0.6879286694101509], "precision": [0.6889080127811934], "recall": [0.6879286694101509], "f1": [0.6822966003620096]}, "4": {"accuracy": [0.6888774104683195], "precision": [0.6931172574865394], "recall": [0.6888774104683195], "f1": [0.6797139259726767]}, "5": {"accuracy": [0.701934600239685], "precision": [0.7096413114236244], "recall": [0.701934600239685], "f1": [0.7001020984295411]}}, "AB": {"1": {"accuracy": [0.11959629941126998], "precision": [0.041102929293632115], "recall": [0.11959629941126998], "f1": [0.04201727596152304]}, "2": {"accuracy": [0.07754331789329216], "precision": [0.071767932985993], "recall": [0.07754331789329216], "f1": [0.03609146539171533]}, "3": {"accuracy": [0.08333333333333333], "precision": [0.039985090142154775], "recall": [0.08333333333333333], "f1": [0.02149941250570904]}, "4": {"accuracy": [0.05578512396694215], "precision": [0.007651757217531773], "recall": [0.05578512396694215], "f1": [0.0122119091185458]}, "5": {"accuracy": [0.06950864577983222], "precision": [0.03249057843516543], "recall": [0.06950864577983222], "f1": [0.02829665840133564]}}, "RF": {"1": {"accuracy": [0.5143818334735072], "precision": [0.5029828901954111], "recall": [0.5143818334735072], "f1": [0.4959253863867127]}, "2": {"accuracy": [0.6066220621032767], "precision": [0.605545627211148], "recall": [0.6066220621032767], "f1": [0.5891000933076225]}, "3": {"accuracy": [0.6697530864197531], "precision": [0.6677283443923718], "recall": [0.6697530864197531], "f1": [0.6611251450737269]}, "4": {"accuracy": [0.6418732782369146], "precision": [0.6396437765088763], "recall": [0.6418732782369146], "f1": [0.6282293181221608]}, "5": {"accuracy": [0.5925355247389146], "precision": [0.6019872957766198], "recall": [0.5925355247389146], "f1": [0.5804132363906392]}}}