{"stack": 3, "ZR": {"1": {"accuracy": [0.03060366571380528], "precision": [0.0009365843551223408], "recall": [0.03060366571380528], "f1": [0.0018175451655776018]}, "2": {"accuracy": [0.030811365970558027], "precision": [0.0009493402729716612], "recall": [0.030811365970558027], "f1": [0.0018419282214216022]}, "3": {"accuracy": [0.030790283954840916], "precision": [0.000948041586019734], "recall": [0.030790283954840916], "f1": [0.0018394461041723747]}, "4": {"accuracy": [0.030862068965517242], "precision": [0.0009524673008323426], "recall": [0.030862068965517242], "f1": [0.0018479044471743054]}, "5": {"accuracy": [0.030774491366045476], "precision": [0.0009470693188388076], "recall": [0.030774491366045476], "f1": [0.0018375878075595241]}}, "DT": {"1": {"accuracy": [0.11585673448797713], "precision": [0.7165520894877561], "recall": [0.11585673448797713], "f1": [0.13920147954668055]}, "2": {"accuracy": [0.15097569325573434], "precision": [0.8171129659947848], "recall": [0.15097569325573434], "f1": [0.18945099496402248]}, "3": {"accuracy": [0.183031132398221], "precision": [0.8488049786042875], "recall": [0.183031132398221], "f1": [0.22652342443495954]}, "4": {"accuracy": [0.19741379310344828], "precision": [0.823799763662763], "recall": [0.19741379310344828], "f1": [0.24447973117543456]}, "5": {"accuracy": [0.1393400581295948], "precision": [0.7730005764720901], "recall": [0.1393400581295948], "f1": [0.17512679219566224]}}, "KNN": {"1": {"accuracy": [0.32167479401378846], "precision": [0.6278128522238787], "recall": [0.32167479401378846], "f1": [0.3708865931294702]}, "2": {"accuracy": [0.37401574803149606], "precision": [0.7154888082185089], "recall": [0.37401574803149606], "f1": [0.4224592469218599]}, "3": {"accuracy": [0.4351693465617516], "precision": [0.7484839763718142], "recall": [0.4351693465617516], "f1": [0.4962891984753177]}, "4": {"accuracy": [0.455], "precision": [0.7430333529285316], "recall": [0.455], "f1": [0.5180139737471698]}, "5": {"accuracy": [0.4123781843050094], "precision": [0.7555907424307446], "recall": [0.4123781843050094], "f1": [0.4583043958112691]}}, "NB": {"1": {"accuracy": [0.4573734656129141], "precision": [0.5365286659396035], "recall": [0.4573734656129141], "f1": [0.45688357135215446]}, "2": {"accuracy": [0.5260184868195823], "precision": [0.5547244541771709], "recall": [0.5260184868195823], "f1": [0.4997704121391167]}, "3": {"accuracy": [0.5523434827232295], "precision": [0.5766747380817125], "recall": [0.5523434827232295], "f1": [0.5339481658523674]}, "4": {"accuracy": [0.5355172413793103], "precision": [0.5654538104455222], "recall": [0.5355172413793103], "f1": [0.5143828236533071]}, "5": {"accuracy": [0.522653445033339], "precision": [0.5385728917386002], "recall": [0.522653445033339], "f1": [0.49243880889672714]}}, "SVM": {"1": {"accuracy": [0.7580292584496384], "precision": [0.7666145486733654], "recall": [0.7580292584496384], "f1": [0.7478580747346637]}, "2": {"accuracy": [0.8521054433413214], "precision": [0.8648134116265487], "recall": [0.8521054433413214], "f1": [0.8443783396958694]}, "3": {"accuracy": [0.8953130345535408], "precision": [0.8980372240368835], "recall": [0.8953130345535408], "f1": [0.8848316328109778]}, "4": {"accuracy": [0.8760344827586207], "precision": [0.870380099010466], "recall": [0.8760344827586207], "f1": [0.8629379188715098]}, "5": {"accuracy": [0.8796375448794665], "precision": [0.8926762163793734], "recall": [0.8796375448794665], "f1": [0.8752172620652632]}}, "LR": {"1": {"accuracy": [0.7427274255927359], "precision": [0.7464793529167093], "recall": [0.7427274255927359], "f1": [0.7291928155333719]}, "2": {"accuracy": [0.8461143444026018], "precision": [0.8529110844536084], "recall": [0.8461143444026018], "f1": [0.8345209118482707]}, "3": {"accuracy": [0.8698255217242559], "precision": [0.8757844275358505], "recall": [0.8698255217242559], "f1": [0.8609537382417752]}, "4": {"accuracy": [0.8625862068965517], "precision": [0.8677587650835171], "recall": [0.8625862068965517], "f1": [0.8533948736026706]}, "5": {"accuracy": [0.8898957086681484], "precision": [0.8953320602065039], "recall": [0.8898957086681484], "f1": [0.8884410637238379]}}, "AB": {"1": {"accuracy": [0.12930889524129813], "precision": [0.08579003540102882], "recall": [0.12930889524129813], "f1": [0.06978198016343488]}, "2": {"accuracy": [0.1015063334474495], "precision": [0.0812041894188346], "recall": [0.1015063334474495], "f1": [0.06674933205574664]}, "3": {"accuracy": [0.10827916524119056], "precision": [0.04422023684326282], "recall": [0.10827916524119056], "f1": [0.0424312142774908]}, "4": {"accuracy": [0.06948275862068966], "precision": [0.011730404623003626], "recall": [0.06948275862068966], "f1": [0.019228283853763475]}, "5": {"accuracy": [0.08770730039322962], "precision": [0.04582041362266821], "recall": [0.08770730039322962], "f1": [0.04548750635447402]}}, "RF": {"1": {"accuracy": [0.671599125609551], "precision": [0.6682087436700657], "recall": [0.671599125609551], "f1": [0.6501486290043984]}, "2": {"accuracy": [0.7713111947963026], "precision": [0.7751861670619185], "recall": [0.7713111947963026], "f1": [0.7520337787573869]}, "3": {"accuracy": [0.8156004105371194], "precision": [0.8179813190560847], "recall": [0.8156004105371194], "f1": [0.8012031324563819]}, "4": {"accuracy": [0.7981034482758621], "precision": [0.7844032131214491], "recall": [0.7981034482758621], "f1": [0.7831006354798292]}, "5": {"accuracy": [0.7656009574286203], "precision": [0.7822511801116877], "recall": [0.7656009574286203], "f1": [0.7469053287217611]}}}