{"stack": 3, "ZR": {"1": {"accuracy": [0.03077930582842174], "precision": [0.0009473656672795166], "recall": [0.03077930582842174], "f1": [0.0018381542235525053]}, "2": {"accuracy": [0.03065183652353854], "precision": [0.0009395350822657313], "recall": [0.03065183652353854], "f1": [0.0018231861603911744]}, "3": {"accuracy": [0.0306558013193636], "precision": [0.0009397781545322951], "recall": [0.0306558013193636], "f1": [0.0018236508314982863]}, "4": {"accuracy": [0.031305780584923795], "precision": [0.0009800518980313917], "recall": [0.031305780584923795], "f1": [0.0019006039071661897]}, "5": {"accuracy": [0.030858499274693394], "precision": [0.0009522469774862528], "recall": [0.030858499274693394], "f1": [0.001847483390118525]}}, "DT": {"1": {"accuracy": [0.0994106090373281], "precision": [0.7223797107217662], "recall": [0.0994106090373281], "f1": [0.11602430507051399]}, "2": {"accuracy": [0.1434299017071909], "precision": [0.8067205405616482], "recall": [0.1434299017071909], "f1": [0.1824941504347439]}, "3": {"accuracy": [0.2227396197128444], "precision": [0.9212046305320785], "recall": [0.2227396197128444], "f1": [0.28680642767165637]}, "4": {"accuracy": [0.1936015378278182], "precision": [0.8299614069603188], "recall": [0.1936015378278182], "f1": [0.24737391730144348]}, "5": {"accuracy": [0.13991823816431492], "precision": [0.8338559599295763], "recall": [0.13991823816431492], "f1": [0.16772329309163309]}}, "KNN": {"1": {"accuracy": [0.277275703994761], "precision": [0.5889699328463308], "recall": [0.277275703994761], "f1": [0.32227337112509846]}, "2": {"accuracy": [0.39743921365752716], "precision": [0.7576111709882493], "recall": [0.39743921365752716], "f1": [0.45317523208946103]}, "3": {"accuracy": [0.5148105031690596], "precision": [0.8376279747158356], "recall": [0.5148105031690596], "f1": [0.5804927604010014]}, "4": {"accuracy": [0.4996567348620074], "precision": [0.7881183889227505], "recall": [0.4996567348620074], "f1": [0.56371561728278]}, "5": {"accuracy": [0.4430963998417513], "precision": [0.7508423530353078], "recall": [0.4430963998417513], "f1": [0.4844588052589303]}}, "NB": {"1": {"accuracy": [0.4337917485265226], "precision": [0.5165786206776531], "recall": [0.4337917485265226], "f1": [0.4411296967539224]}, "2": {"accuracy": [0.5222452146921883], "precision": [0.5557143283016078], "recall": [0.5222452146921883], "f1": [0.5049165351387602]}, "3": {"accuracy": [0.6219117837278489], "precision": [0.6398442441942352], "recall": [0.6219117837278489], "f1": [0.6042017827766332]}, "4": {"accuracy": [0.5412604695867088], "precision": [0.561655648653486], "recall": [0.5412604695867088], "f1": [0.5191023818861129]}, "5": {"accuracy": [0.4516682051958328], "precision": [0.4611068391209466], "recall": [0.4516682051958328], "f1": [0.4216844614248702]}}, "SVM": {"1": {"accuracy": [0.762278978388998], "precision": [0.7570352285754289], "recall": [0.762278978388998], "f1": [0.7522337049815404]}, "2": {"accuracy": [0.8764873254009312], "precision": [0.8824869698349693], "recall": [0.8764873254009312], "f1": [0.8632314562411948]}, "3": {"accuracy": [0.948260250937783], "precision": [0.9525460478965249], "recall": [0.948260250937783], "f1": [0.9437351413125923]}, "4": {"accuracy": [0.8650281477413154], "precision": [0.8782651077762996], "recall": [0.8650281477413154], "f1": [0.8628069719049108]}, "5": {"accuracy": [0.8855334300408809], "precision": [0.8964599026413678], "recall": [0.8855334300408809], "f1": [0.8845740968129876]}}, "LR": {"1": {"accuracy": [0.747871643745907], "precision": [0.7489242671232955], "recall": [0.747871643745907], "f1": [0.7351633872953409]}, "2": {"accuracy": [0.8654940506983962], "precision": [0.8655533794183969], "recall": [0.8654940506983962], "f1": [0.8543434268962095]}, "3": {"accuracy": [0.9080325960419092], "precision": [0.9111177220825358], "recall": [0.9080325960419092], "f1": [0.9024885662299373]}, "4": {"accuracy": [0.8808183440889743], "precision": [0.8897093258642067], "recall": [0.8808183440889743], "f1": [0.8789111641974252]}, "5": {"accuracy": [0.8704998021891072], "precision": [0.8775744312014766], "recall": [0.8704998021891072], "f1": [0.8696985286818113]}}, "AB": {"1": {"accuracy": [0.11486574983628028], "precision": [0.0435047210753942], "recall": [0.11486574983628028], "f1": [0.05464157952962148]}, "2": {"accuracy": [0.08820486290739783], "precision": [0.019384112032585422], "recall": [0.08820486290739783], "f1": [0.02990318035063372]}, "3": {"accuracy": [0.13258310697193118], "precision": [0.03822673466255034], "recall": [0.13258310697193118], "f1": [0.054169360624700395]}, "4": {"accuracy": [0.06110119456268021], "precision": [0.03528101281395518], "recall": [0.06110119456268021], "f1": [0.033608499502057895]}, "5": {"accuracy": [0.12501648424106554], "precision": [0.04667529518822415], "recall": [0.12501648424106554], "f1": [0.060440718904519845]}}, "RF": {"1": {"accuracy": [0.6523903077930583], "precision": [0.6613857635429272], "recall": [0.6523903077930583], "f1": [0.6363189084387818]}, "2": {"accuracy": [0.772115882048629], "precision": [0.7700302139939947], "recall": [0.772115882048629], "f1": [0.7523834357817354]}, "3": {"accuracy": [0.8940628637951106], "precision": [0.8960310250661283], "recall": [0.8940628637951106], "f1": [0.8841413631310354]}, "4": {"accuracy": [0.7809968419607305], "precision": [0.7983683544482021], "recall": [0.7809968419607305], "f1": [0.7763234181487106]}, "5": {"accuracy": [0.759198206514572], "precision": [0.7843969294090656], "recall": [0.759198206514572], "f1": [0.7471275206369384]}}}