{"stack": 2, "ZR": {"1": {"accuracy": [0.031223770354205135], "precision": [0.0009749238351321396], "recall": [0.031223770354205135], "f1": [0.0018908094696018737]}, "2": {"accuracy": [0.03139475038600103], "precision": [0.0009856303517993118], "recall": [0.03139475038600103], "f1": [0.001911257259028007]}, "3": {"accuracy": [0.03155006858710562], "precision": [0.000995406827851069], "recall": [0.03155006858710562], "f1": [0.0019299244082538014]}, "4": {"accuracy": [0.03161512027491409], "precision": [0.0009995158299972839], "recall": [0.03161512027491409], "f1": [0.0019377688642852073]}, "5": {"accuracy": [0.031528444139821796], "precision": [0.0009940427898778633], "recall": [0.031528444139821796], "f1": [0.0019273201733312991]}}, "DT": {"1": {"accuracy": [0.1865032734597952], "precision": [0.6691351480348506], "recall": [0.1865032734597952], "f1": [0.23743551441106422]}, "2": {"accuracy": [0.23451706982329731], "precision": [0.7270207748292893], "recall": [0.23451706982329731], "f1": [0.2997494279132515]}, "3": {"accuracy": [0.2722908093278464], "precision": [0.7883083592017986], "recall": [0.2722908093278464], "f1": [0.343080519797503]}, "4": {"accuracy": [0.2838487972508591], "precision": [0.7562415984927405], "recall": [0.2838487972508591], "f1": [0.3539679495501417]}, "5": {"accuracy": [0.23132282385195338], "precision": [0.7219919629795066], "recall": [0.23132282385195338], "f1": [0.2984069072676087]}}, "KNN": {"1": {"accuracy": [0.39399026355548095], "precision": [0.5407785724144052], "recall": [0.39399026355548095], "f1": [0.41027678088388675]}, "2": {"accuracy": [0.4407273974952822], "precision": [0.5869379987524108], "recall": [0.4407273974952822], "f1": [0.4585526917254018]}, "3": {"accuracy": [0.48954046639231824], "precision": [0.6377596960957317], "recall": [0.48954046639231824], "f1": [0.5117042387587144]}, "4": {"accuracy": [0.5245704467353952], "precision": [0.6469248211403209], "recall": [0.5245704467353952], "f1": [0.5434292899058842]}, "5": {"accuracy": [0.4641877998629198], "precision": [0.6215761586064871], "recall": [0.4641877998629198], "f1": [0.47277596527598714]}}, "NB": {"1": {"accuracy": [0.41732415645459126], "precision": [0.48235169044281945], "recall": [0.41732415645459126], "f1": [0.41743158073122977]}, "2": {"accuracy": [0.5006004460456339], "precision": [0.522697636271196], "recall": [0.5006004460456339], "f1": [0.4766604449385751]}, "3": {"accuracy": [0.5210905349794238], "precision": [0.5346745483254607], "recall": [0.5210905349794238], "f1": [0.5049882825156835]}, "4": {"accuracy": [0.5041237113402062], "precision": [0.512384466167993], "recall": [0.5041237113402062], "f1": [0.4839270586553265]}, "5": {"accuracy": [0.4823509252912954], "precision": [0.484436713140508], "recall": [0.4823509252912954], "f1": [0.4508443703008232]}}, "SVM": {"1": {"accuracy": [0.6978344804431761], "precision": [0.7005870656259352], "recall": [0.6978344804431761], "f1": [0.6865420078828233]}, "2": {"accuracy": [0.8049408131755018], "precision": [0.8124108640046436], "recall": [0.8049408131755018], "f1": [0.7984761115569087]}, "3": {"accuracy": [0.8554526748971193], "precision": [0.8517066467876516], "recall": [0.8554526748971193], "f1": [0.8471548898240202]}, "4": {"accuracy": [0.8261168384879725], "precision": [0.8258099408877834], "recall": [0.8261168384879725], "f1": [0.8127123849195759]}, "5": {"accuracy": [0.8223098012337218], "precision": [0.8388662097412556], "recall": [0.8223098012337218], "f1": [0.8184241246752614]}}, "LR": {"1": {"accuracy": [0.6822225952660735], "precision": [0.6858761775753683], "recall": [0.6822225952660735], "f1": [0.6712922005147473]}, "2": {"accuracy": [0.7958483444844742], "precision": [0.8016028235873047], "recall": [0.7958483444844742], "f1": [0.7858997212285235]}, "3": {"accuracy": [0.8170438957475995], "precision": [0.8185865685480749], "recall": [0.8170438957475995], "f1": [0.8081543593866196]}, "4": {"accuracy": [0.8084192439862543], "precision": [0.8142492713394327], "recall": [0.8084192439862543], "f1": [0.7988524446625638]}, "5": {"accuracy": [0.8363605209047292], "precision": [0.8447901393060152], "recall": [0.8363605209047292], "f1": [0.8347881334503019]}}, "AB": {"1": {"accuracy": [0.13949974819540037], "precision": [0.07936246430032125], "recall": [0.13949974819540037], "f1": [0.06677067050396658]}, "2": {"accuracy": [0.09298335906673529], "precision": [0.10204859703621025], "recall": [0.09298335906673529], "f1": [0.056287408577737515]}, "3": {"accuracy": [0.1083676268861454], "precision": [0.06053375240575614], "recall": [0.1083676268861454], "f1": [0.03941256006168348]}, "4": {"accuracy": [0.058762886597938144], "precision": [0.008812678108674829], "recall": [0.058762886597938144], "f1": [0.014421784617397305]}, "5": {"accuracy": [0.08858807402330364], "precision": [0.04317600361405717], "recall": [0.08858807402330364], "f1": [0.04297307496006055]}}, "RF": {"1": {"accuracy": [0.628840020144368], "precision": [0.6270956599832958], "recall": [0.628840020144368], "f1": [0.6089500813271582]}, "2": {"accuracy": [0.7267112712300566], "precision": [0.7271247006211857], "recall": [0.7267112712300566], "f1": [0.7078632293401595]}, "3": {"accuracy": [0.7812071330589849], "precision": [0.7772237215841291], "recall": [0.7812071330589849], "f1": [0.7690877173773755]}, "4": {"accuracy": [0.7609965635738831], "precision": [0.7510059596132757], "recall": [0.7609965635738831], "f1": [0.7468137927453936]}, "5": {"accuracy": [0.7059629883481837], "precision": [0.7246788023969237], "recall": [0.7059629883481837], "f1": [0.6910117529842283]}}}