{"stack": 4, "ZR": {"1": {"accuracy": [0.030489400680450144], "precision": [0.0009296035538530337], "recall": [0.030489400680450144], "f1": [0.001804198186297113]}, "2": {"accuracy": [0.030263838592860838], "precision": [0.0009158999263747331], "recall": [0.030263838592860838], "f1": [0.001777991019515299]}, "3": {"accuracy": [0.030263838592860838], "precision": [0.0009158999263747331], "recall": [0.030263838592860838], "f1": [0.001777991019515299]}, "4": {"accuracy": [0.030872667398463227], "precision": [0.0009531215922961341], "recall": [0.030872667398463227], "f1": [0.001849154842181346]}, "5": {"accuracy": [0.030414746543778803], "precision": [0.0009250568073223047], "recall": [0.030414746543778803], "f1": [0.0017955038210101977]}}, "DT": {"1": {"accuracy": [0.07157812091075634], "precision": [0.5510676887175892], "recall": [0.07157812091075634], "f1": [0.07243737456878595]}, "2": {"accuracy": [0.09945680289705122], "precision": [0.7731284771616789], "recall": [0.09945680289705122], "f1": [0.11732134126766904]}, "3": {"accuracy": [0.16063114330056907], "precision": [0.9039202414879525], "recall": [0.16063114330056907], "f1": [0.20209243341236108]}, "4": {"accuracy": [0.14256311745334796], "precision": [0.7599357707887381], "recall": [0.14256311745334796], "f1": [0.17629265795201138]}, "5": {"accuracy": [0.09967083607636602], "precision": [0.7336537800527789], "recall": [0.09967083607636602], "f1": [0.10573920724439471]}}, "KNN": {"1": {"accuracy": [0.2335775974875687], "precision": [0.6478043809787467], "recall": [0.2335775974875687], "f1": [0.2791632643894]}, "2": {"accuracy": [0.330574236937403], "precision": [0.8319850478968694], "recall": [0.330574236937403], "f1": [0.3922393560919923]}, "3": {"accuracy": [0.45020693222969477], "precision": [0.892468763177153], "recall": [0.45020693222969477], "f1": [0.529135902391323]}, "4": {"accuracy": [0.42508232711306254], "precision": [0.8318295212387493], "recall": [0.42508232711306254], "f1": [0.5010432367083201]}, "5": {"accuracy": [0.3797235023041475], "precision": [0.793752999368813], "recall": [0.3797235023041475], "f1": [0.435579787827874]}}, "NB": {"1": {"accuracy": [0.4392829102329233], "precision": [0.5666202317396435], "recall": [0.4392829102329233], "f1": [0.4505434885243003]}, "2": {"accuracy": [0.53039317123642], "precision": [0.5872008747145891], "recall": [0.53039317123642], "f1": [0.5150331331689498]}, "3": {"accuracy": [0.6374806001034661], "precision": [0.6786101404185613], "recall": [0.6374806001034661], "f1": [0.620998280406262]}, "4": {"accuracy": [0.5393798024149287], "precision": [0.5809748691126626], "recall": [0.5393798024149287], "f1": [0.519088855271788]}, "5": {"accuracy": [0.4605661619486504], "precision": [0.47253558739737755], "recall": [0.4605661619486504], "f1": [0.4248071157110101]}}, "SVM": {"1": {"accuracy": [0.7976969379743523], "precision": [0.793083885044986], "recall": [0.7976969379743523], "f1": [0.7881951352966665]}, "2": {"accuracy": [0.8996378685980342], "precision": [0.9095300633792447], "recall": [0.8996378685980342], "f1": [0.8854844858200291]}, "3": {"accuracy": [0.9637868598034144], "precision": [0.9680136990681433], "recall": [0.9637868598034144], "f1": [0.9602467824195906]}, "4": {"accuracy": [0.8802140504939627], "precision": [0.8923557934315237], "recall": [0.8802140504939627], "f1": [0.8781227152089776]}, "5": {"accuracy": [0.9154707044107966], "precision": [0.9231614588864265], "recall": [0.9154707044107966], "f1": [0.9141291049957635]}}, "LR": {"1": {"accuracy": [0.7889295995812614], "precision": [0.7892172523679972], "recall": [0.7889295995812614], "f1": [0.7746993243582222]}, "2": {"accuracy": [0.8903259182617693], "precision": [0.892508428808767], "recall": [0.8903259182617693], "f1": [0.8791876831450022]}, "3": {"accuracy": [0.9289963786859804], "precision": [0.9329200552575873], "recall": [0.9289963786859804], "f1": [0.9236574031499518]}, "4": {"accuracy": [0.9060098792535675], "precision": [0.9151371290556755], "recall": [0.9060098792535675], "f1": [0.9048471094637883]}, "5": {"accuracy": [0.9040157998683345], "precision": [0.9125785170464225], "recall": [0.9040157998683345], "f1": [0.9028337735084314]}}, "AB": {"1": {"accuracy": [0.11175085056267993], "precision": [0.05028869016839209], "recall": [0.11175085056267993], "f1": [0.056714284889547543]}, "2": {"accuracy": [0.08393688566994309], "precision": [0.035665534096760876], "recall": [0.08393688566994309], "f1": [0.0320692693295749]}, "3": {"accuracy": [0.1408432488360062], "precision": [0.03895981011866139], "recall": [0.1408432488360062], "f1": [0.056629524601777344]}, "4": {"accuracy": [0.06517563117453348], "precision": [0.036181762868377584], "recall": [0.06517563117453348], "f1": [0.03610864932930504]}, "5": {"accuracy": [0.13640552995391705], "precision": [0.08143229738740991], "recall": [0.13640552995391705], "f1": [0.06826463751658528]}}, "RF": {"1": {"accuracy": [0.6667102852656372], "precision": [0.6739478830341261], "recall": [0.6667102852656372], "f1": [0.6464442931116674]}, "2": {"accuracy": [0.8000517330574237], "precision": [0.8027749681822142], "recall": [0.8000517330574237], "f1": [0.7814283030873261]}, "3": {"accuracy": [0.9079151577858251], "precision": [0.9050177501379021], "recall": [0.9079151577858251], "f1": [0.8975745678244105]}, "4": {"accuracy": [0.7943194291986828], "precision": [0.8055855680732311], "recall": [0.7943194291986828], "f1": [0.7890462505304832]}, "5": {"accuracy": [0.7791968400263332], "precision": [0.802113714660378], "recall": [0.7791968400263332], "f1": [0.7660621415474352]}}}