{"stack": 1, "ZR": {"1": {"accuracy": [0.0335297969875573], "precision": [0.0011242472860268067], "recall": [0.0335297969875573], "f1": [0.002175548860426985]}, "2": {"accuracy": [0.033005436189490034], "precision": [0.0010893588180584982], "recall": [0.033005436189490034], "f1": [0.0021091056830772983]}, "3": {"accuracy": [0.03303964757709251], "precision": [0.001091618312018475], "recall": [0.03303964757709251], "f1": [0.0021134102927777725]}, "4": {"accuracy": [0.03507810359002467], "precision": [0.0012304733514725014], "recall": [0.03507810359002467], "f1": [0.0023775468676320664]}, "5": {"accuracy": [0.03360569319978914], "precision": [0.0011293426154383541], "recall": [0.03360569319978914], "f1": [0.002185248442164027]}}, "DT": {"1": {"accuracy": [0.31565160445317614], "precision": [0.32387372657642177], "recall": [0.31565160445317614], "f1": [0.3143657968639558]}, "2": {"accuracy": [0.4167745275692467], "precision": [0.4164025910690403], "recall": [0.4167745275692467], "f1": [0.410069654701884]}, "3": {"accuracy": [0.5121793210676341], "precision": [0.5084077324004573], "recall": [0.5121793210676341], "f1": [0.5058278379700718]}, "4": {"accuracy": [0.471773088517402], "precision": [0.48832346261825627], "recall": [0.471773088517402], "f1": [0.46807225247873957]}, "5": {"accuracy": [0.3977332630469162], "precision": [0.4086521794507701], "recall": [0.3977332630469162], "f1": [0.39508506635708285]}}, "KNN": {"1": {"accuracy": [0.3292730844793713], "precision": [0.3641508881665663], "recall": [0.3292730844793713], "f1": [0.32043536238954173]}, "2": {"accuracy": [0.42441107947191303], "precision": [0.46526439309034884], "recall": [0.42441107947191303], "f1": [0.41344723417320384]}, "3": {"accuracy": [0.536797097693703], "precision": [0.5700046188539306], "recall": [0.536797097693703], "f1": [0.5234706647993935]}, "4": {"accuracy": [0.5087695258975061], "precision": [0.5454323780901307], "recall": [0.5087695258975061], "f1": [0.5046744163146085]}, "5": {"accuracy": [0.46599894570374273], "precision": [0.4873718026627982], "recall": [0.46599894570374273], "f1": [0.4474568230152246]}}, "NB": {"1": {"accuracy": [0.32167648984937786], "precision": [0.35582555277900013], "recall": [0.32167648984937786], "f1": [0.3201947586533687]}, "2": {"accuracy": [0.3933471395288636], "precision": [0.4013683190918109], "recall": [0.3933471395288636], "f1": [0.37670278205287083]}, "3": {"accuracy": [0.4845814977973568], "precision": [0.5114527879606361], "recall": [0.4845814977973568], "f1": [0.46215443500137776]}, "4": {"accuracy": [0.4186078377637709], "precision": [0.462643481957101], "recall": [0.4186078377637709], "f1": [0.4091709608479455]}, "5": {"accuracy": [0.3600421718502899], "precision": [0.35753911757955104], "recall": [0.3600421718502899], "f1": [0.3323443292977097]}}, "SVM": {"1": {"accuracy": [0.5332023575638507], "precision": [0.5384969510018471], "recall": [0.5332023575638507], "f1": [0.5289894583446076]}, "2": {"accuracy": [0.6836655449132798], "precision": [0.6824404955887861], "recall": [0.6836655449132798], "f1": [0.6734806685595961]}, "3": {"accuracy": [0.7834931329359938], "precision": [0.7809046804348605], "recall": [0.7834931329359938], "f1": [0.7753533441987279]}, "4": {"accuracy": [0.7148533844889011], "precision": [0.7298022775483458], "recall": [0.7148533844889011], "f1": [0.7133198085071105]}, "5": {"accuracy": [0.6946494464944649], "precision": [0.7148078899368102], "recall": [0.6946494464944649], "f1": [0.695810127779865]}}, "LR": {"1": {"accuracy": [0.5354289456450556], "precision": [0.5360604374347896], "recall": [0.5354289456450556], "f1": [0.5282924162240038]}, "2": {"accuracy": [0.6598498576236086], "precision": [0.6625548437308497], "recall": [0.6598498576236086], "f1": [0.6547714215428464]}, "3": {"accuracy": [0.7334801762114538], "precision": [0.7303198378627086], "recall": [0.7334801762114538], "f1": [0.7263898188901852]}, "4": {"accuracy": [0.7010139764318991], "precision": [0.7053889608831423], "recall": [0.7010139764318991], "f1": [0.6979718723566473]}, "5": {"accuracy": [0.6730363732208751], "precision": [0.6847652166427778], "recall": [0.6730363732208751], "f1": [0.6734033512525794]}}, "AB": {"1": {"accuracy": [0.0822527832351015], "precision": [0.024273627024251353], "recall": [0.0822527832351015], "f1": [0.029070200474880115]}, "2": {"accuracy": [0.07312969194926223], "precision": [0.009268623557860645], "recall": [0.07312969194926223], "f1": [0.014799139420388355]}, "3": {"accuracy": [0.11661052086032651], "precision": [0.028999289792368068], "recall": [0.11661052086032651], "f1": [0.03571552582166826]}, "4": {"accuracy": [0.05439846533296794], "precision": [0.034292616951685895], "recall": [0.05439846533296794], "f1": [0.026337450329302046]}, "5": {"accuracy": [0.10358460727464418], "precision": [0.04032544974364238], "recall": [0.10358460727464418], "f1": [0.04746975185098608]}}, "RF": {"1": {"accuracy": [0.4766208251473477], "precision": [0.47141305659495214], "recall": [0.4766208251473477], "f1": [0.46260382631558844]}, "2": {"accuracy": [0.5992751747346622], "precision": [0.5961603240284657], "recall": [0.5992751747346622], "f1": [0.5808181493740641]}, "3": {"accuracy": [0.7391811350090697], "precision": [0.734272159749492], "recall": [0.7391811350090697], "f1": [0.7274659205054577]}, "4": {"accuracy": [0.645519320361743], "precision": [0.6636966815797296], "recall": [0.645519320361743], "f1": [0.6397341570745777]}, "5": {"accuracy": [0.6068792830785451], "precision": [0.631795755288006], "recall": [0.6068792830785451], "f1": [0.6026330897096782]}}}