{"stack": 5, "ZR": {"1": {"accuracy": [0.03016006739679865], "precision": [0.0009096296653794371], "recall": [0.03016006739679865], "f1": [0.0017659967497634802]}, "2": {"accuracy": [0.030287474332648872], "precision": [0.0009173311014508642], "recall": [0.030287474332648872], "f1": [0.0017807284360999336]}, "3": {"accuracy": [0.03027711255559357], "precision": [0.0009167035447040817], "recall": [0.03027711255559357], "f1": [0.0017795281163340733]}, "4": {"accuracy": [0.030313468825353084], "precision": [0.0009189063922256533], "recall": [0.030313468825353084], "f1": [0.0017837413952732004]}, "5": {"accuracy": [0.030266757865937074], "precision": [0.0009160766317152637], "recall": [0.030266757865937074], "f1": [0.0017783290098824438]}}, "DT": {"1": {"accuracy": [0.060825610783487784], "precision": [0.38323645238812215], "recall": [0.060825610783487784], "f1": [0.054593488703612546]}, "2": {"accuracy": [0.08179329226557153], "precision": [0.6727565567994119], "recall": [0.08179329226557153], "f1": [0.08762724138963128]}, "3": {"accuracy": [0.10639753677728361], "precision": [0.7461214929283325], "recall": [0.10639753677728361], "f1": [0.1178894381739275]}, "4": {"accuracy": [0.11815363417154667], "precision": [0.6690245055711144], "recall": [0.11815363417154667], "f1": [0.1363663687824518]}, "5": {"accuracy": [0.07523939808481532], "precision": [0.6422682341864466], "recall": [0.07523939808481532], "f1": [0.07840922521419376]}}, "KNN": {"1": {"accuracy": [0.21465880370682391], "precision": [0.6916408279101751], "recall": [0.21465880370682391], "f1": [0.2591842793758212]}, "2": {"accuracy": [0.27327173169062285], "precision": [0.7934796672950499], "recall": [0.27327173169062285], "f1": [0.3220509034785566]}, "3": {"accuracy": [0.3152582962709545], "precision": [0.8287355932778075], "recall": [0.3152582962709545], "f1": [0.3810282247209394]}, "4": {"accuracy": [0.3317258008956252], "precision": [0.8274611943867182], "recall": [0.3317258008956252], "f1": [0.4084458875866449]}, "5": {"accuracy": [0.30540355677154585], "precision": [0.8298175191073711], "recall": [0.30540355677154585], "f1": [0.35823842325868926]}}, "NB": {"1": {"accuracy": [0.4544229149115417], "precision": [0.62823977439379], "recall": [0.4544229149115417], "f1": [0.4559426704758627]}, "2": {"accuracy": [0.5443189596167008], "precision": [0.6137916020480735], "recall": [0.5443189596167008], "f1": [0.5261720425145333]}, "3": {"accuracy": [0.5258296270954499], "precision": [0.6105583113369945], "recall": [0.5258296270954499], "f1": [0.5189199639081211]}, "4": {"accuracy": [0.5421977264898381], "precision": [0.6044340851597108], "recall": [0.5421977264898381], "f1": [0.524799146462175]}, "5": {"accuracy": [0.5316347469220246], "precision": [0.5980437945966925], "recall": [0.5316347469220246], "f1": [0.5090397124355935]}}, "SVM": {"1": {"accuracy": [0.8121314237573716], "precision": [0.8164433428149334], "recall": [0.8121314237573716], "f1": [0.8018945280969607]}, "2": {"accuracy": [0.8992128678986995], "precision": [0.914678026383871], "recall": [0.8992128678986995], "f1": [0.8931357796432015]}, "3": {"accuracy": [0.9264454327745467], "precision": [0.9342746175953262], "recall": [0.9264454327745467], "f1": [0.917320583254827]}, "4": {"accuracy": [0.9142266620737168], "precision": [0.9080556853571041], "recall": [0.9142266620737168], "f1": [0.9005100925050862]}, "5": {"accuracy": [0.9262995896032832], "precision": [0.9361692574476155], "recall": [0.9262995896032832], "f1": [0.921766644164661]}}, "LR": {"1": {"accuracy": [0.8028643639427128], "precision": [0.8138260522922027], "recall": [0.8028643639427128], "f1": [0.787276786905313]}, "2": {"accuracy": [0.9014373716632443], "precision": [0.9189397557052337], "recall": [0.9014373716632443], "f1": [0.8919872141629485]}, "3": {"accuracy": [0.9091686623332192], "precision": [0.9195704208512759], "recall": [0.9091686623332192], "f1": [0.8995677378017121]}, "4": {"accuracy": [0.9116431277988288], "precision": [0.9197910473180836], "recall": [0.9116431277988288], "f1": [0.9044001094912092]}, "5": {"accuracy": [0.9410054719562243], "precision": [0.9447028663583162], "recall": [0.9410054719562243], "f1": [0.9403968219608373]}}, "AB": {"1": {"accuracy": [0.14911541701769165], "precision": [0.11911784841836302], "recall": [0.14911541701769165], "f1": [0.1070259916483072]}, "2": {"accuracy": [0.11670088980150582], "precision": [0.12092012553156663], "recall": [0.11670088980150582], "f1": [0.07569984710013997]}, "3": {"accuracy": [0.11580567909681834], "precision": [0.05605628022351112], "recall": [0.11580567909681834], "f1": [0.054242331074428746]}, "4": {"accuracy": [0.07268343093351705], "precision": [0.013655714310408964], "recall": [0.07268343093351705], "f1": [0.021777696508394017]}, "5": {"accuracy": [0.1055061559507524], "precision": [0.05356440639213367], "recall": [0.1055061559507524], "f1": [0.05705001478665593]}}, "RF": {"1": {"accuracy": [0.7187868576242629], "precision": [0.7387657404275937], "recall": [0.7187868576242629], "f1": [0.697675346616061]}, "2": {"accuracy": [0.7953456536618754], "precision": [0.7974276825328966], "recall": [0.7953456536618754], "f1": [0.7757702370381016]}, "3": {"accuracy": [0.8333903523776941], "precision": [0.8402976910080019], "recall": [0.8333903523776941], "f1": [0.818865678868187]}, "4": {"accuracy": [0.81484671029969], "precision": [0.7968305850726172], "recall": [0.81484671029969], "f1": [0.7987056023460588]}, "5": {"accuracy": [0.7951436388508892], "precision": [0.8080944034673482], "recall": [0.7951436388508892], "f1": [0.7716318902211943]}}}