{"stack": 5, "ZR": {"1": {"accuracy": [0.030263330276431286], "precision": [0.0009158691594203625], "recall": [0.030263330276431286], "f1": [0.0017779321703600272]}, "2": {"accuracy": [0.030181347150259066], "precision": [0.0009109137158044512], "recall": [0.030181347150259066], "f1": [0.00176845313366286]}, "3": {"accuracy": [0.03019699326075687], "precision": [0.0009118584019901957], "recall": [0.03019699326075687], "f1": [0.0017702602666389107]}, "4": {"accuracy": [0.03056469298245614], "precision": [0.0009342004571118036], "recall": [0.03056469298245614], "f1": [0.001812987507670626]}, "5": {"accuracy": [0.03029903833487024], "precision": [0.0009180317240179363], "recall": [0.03029903833487024], "f1": [0.0017820684866436914]}}, "DT": {"1": {"accuracy": [0.05253504519848028], "precision": [0.5533903684635453], "recall": [0.05253504519848028], "f1": [0.04218902089175201]}, "2": {"accuracy": [0.07137305699481865], "precision": [0.672472134878001], "recall": [0.07137305699481865], "f1": [0.07230252352202361]}, "3": {"accuracy": [0.12623120787973044], "precision": [0.7936389073360387], "recall": [0.12623120787973044], "f1": [0.15493420303046598]}, "4": {"accuracy": [0.1103344298245614], "precision": [0.7322200867520463], "recall": [0.1103344298245614], "f1": [0.13012671328431952]}, "5": {"accuracy": [0.08286128309840601], "precision": [0.611973864079214], "recall": [0.08286128309840601], "f1": [0.07995574967577981]}}, "KNN": {"1": {"accuracy": [0.18957159701297], "precision": [0.6604834311431378], "recall": [0.18957159701297], "f1": [0.22762710392679356]}, "2": {"accuracy": [0.2869170984455959], "precision": [0.8790534295570815], "recall": [0.2869170984455959], "f1": [0.34656549415124654]}, "3": {"accuracy": [0.3882840850181441], "precision": [0.8888691545957709], "recall": [0.3882840850181441], "f1": [0.4662664066932431]}, "4": {"accuracy": [0.38185307017543857], "precision": [0.8526138697375178], "recall": [0.38185307017543857], "f1": [0.45911961748065244]}, "5": {"accuracy": [0.33210380714003424], "precision": [0.8228710934079211], "recall": [0.33210380714003424], "f1": [0.3904890945952136]}}, "NB": {"1": {"accuracy": [0.42958207781999214], "precision": [0.5881584928811014], "recall": [0.42958207781999214], "f1": [0.44681149030541706]}, "2": {"accuracy": [0.5295336787564767], "precision": [0.6491517371108975], "recall": [0.5295336787564767], "f1": [0.5177482459104037]}, "3": {"accuracy": [0.6270088128564023], "precision": [0.6833179824736476], "recall": [0.6270088128564023], "f1": [0.6161937200679168]}, "4": {"accuracy": [0.5427631578947368], "precision": [0.6066758048365422], "recall": [0.5427631578947368], "f1": [0.5265156453024519]}, "5": {"accuracy": [0.4583058885522329], "precision": [0.49159926640113794], "recall": [0.4583058885522329], "f1": [0.4220001790798609]}}, "SVM": {"1": {"accuracy": [0.8231363815013756], "precision": [0.8156698168285859], "recall": [0.8231363815013756], "f1": [0.8127657978121567]}, "2": {"accuracy": [0.9147668393782383], "precision": [0.927804088456739], "recall": [0.9147668393782383], "f1": [0.901426429820335]}, "3": {"accuracy": [0.9704510108864697], "precision": [0.9747804106121016], "recall": [0.9704510108864697], "f1": [0.966492986552337]}, "4": {"accuracy": [0.8919956140350878], "precision": [0.9050005350132003], "recall": [0.8919956140350878], "f1": [0.8894742414063017]}, "5": {"accuracy": [0.9330786457647213], "precision": [0.9392210417366964], "recall": [0.9330786457647213], "f1": [0.9324076291645577]}}, "LR": {"1": {"accuracy": [0.8108214332503603], "precision": [0.8109618677295637], "recall": [0.8108214332503603], "f1": [0.7956841010366694]}, "2": {"accuracy": [0.9071243523316063], "precision": [0.9136062129236017], "recall": [0.9071243523316063], "f1": [0.8950870687679953]}, "3": {"accuracy": [0.940772420943494], "precision": [0.9452641162388964], "recall": [0.940772420943494], "f1": [0.9360737130256412]}, "4": {"accuracy": [0.9243421052631579], "precision": [0.9336201804289339], "recall": [0.9243421052631579], "f1": [0.9233864430244235]}, "5": {"accuracy": [0.9308391516269267], "precision": [0.9363209888551921], "recall": [0.9308391516269267], "f1": [0.9300349762978739]}}, "AB": {"1": {"accuracy": [0.11935018996462728], "precision": [0.05525800049913181], "recall": [0.11935018996462728], "f1": [0.06443676914040708]}, "2": {"accuracy": [0.08147668393782384], "precision": [0.03532042881390808], "recall": [0.08147668393782384], "f1": [0.03150480866135069]}, "3": {"accuracy": [0.14852255054432348], "precision": [0.045213525074769396], "recall": [0.14852255054432348], "f1": [0.06287291146982506]}, "4": {"accuracy": [0.0659265350877193], "precision": [0.03591508846687305], "recall": [0.0659265350877193], "f1": [0.035987646853129024]}, "5": {"accuracy": [0.1408246607825056], "precision": [0.05502261168231202], "recall": [0.1408246607825056], "f1": [0.07287937220470149]}}, "RF": {"1": {"accuracy": [0.6868858902135464], "precision": [0.7004883322940479], "recall": [0.6868858902135464], "f1": [0.6656527556254973]}, "2": {"accuracy": [0.8129533678756476], "precision": [0.8233228042945991], "recall": [0.8129533678756476], "f1": [0.7946058814412001]}, "3": {"accuracy": [0.9160186625194401], "precision": [0.9113429721335925], "recall": [0.9160186625194401], "f1": [0.9068502767399889]}, "4": {"accuracy": [0.8031798245614035], "precision": [0.8126069583769744], "recall": [0.8031798245614035], "f1": [0.7994908234042453]}, "5": {"accuracy": [0.7894875510472928], "precision": [0.8165267176641426], "recall": [0.7894875510472928], "f1": [0.7761682950024443]}}}