{"ZR": {"1": {"accuracy": [0.03296888141295206], "precision": [0.0010869471416212959], "recall": [0.03296888141295206], "f1": [0.002104510912534963]}, "2": {"accuracy": [0.033453422542460115], "precision": [0.0011191314798043785], "recall": [0.033453422542460115], "f1": [0.0021658092283465213]}, "3": {"accuracy": [0.033607681755829906], "precision": [0.0011294762730011422], "recall": [0.033607681755829906], "f1": [0.0021855028613612013]}, "4": {"accuracy": [0.0337465564738292], "precision": [0.0011388300738413436], "recall": [0.0337465564738292], "f1": [0.002203306152188715]}, "5": {"accuracy": [0.033555897962677626], "precision": [0.0011259982880816324], "recall": [0.033555897962677626], "f1": [0.002178882226498199]}}, "DT": {"1": {"accuracy": [0.3497056349873844], "precision": [0.3594587601663847], "recall": [0.3497056349873844], "f1": [0.3489312634903424]}, "2": {"accuracy": [0.4103619831875107], "precision": [0.4164284204890181], "recall": [0.4103619831875107], "f1": [0.40615989753148873]}, "3": {"accuracy": [0.4631344307270233], "precision": [0.46816229603606246], "recall": [0.4631344307270233], "f1": [0.461777849538579]}, "4": {"accuracy": [0.4540289256198347], "precision": [0.45707137882273124], "recall": [0.4540289256198347], "f1": [0.44737176100407855]}, "5": {"accuracy": [0.41191576784797124], "precision": [0.4217086334545766], "recall": [0.41191576784797124], "f1": [0.4082188734972189]}}, "KNN": {"1": {"accuracy": [0.37342304457527337], "precision": [0.38464638943076435], "recall": [0.37342304457527337], "f1": [0.3564961410410079]}, "2": {"accuracy": [0.435237605078058], "precision": [0.47672661062993354], "recall": [0.435237605078058], "f1": [0.42187126356734317]}, "3": {"accuracy": [0.4987997256515775], "precision": [0.5234203171051104], "recall": [0.4987997256515775], "f1": [0.4866138732627983]}, "4": {"accuracy": [0.5012052341597796], "precision": [0.5248639891214895], "recall": [0.5012052341597796], "f1": [0.48881344969719687]}, "5": {"accuracy": [0.4665297038178394], "precision": [0.5071648402317043], "recall": [0.4665297038178394], "f1": [0.455235319575014]}}, "NB": {"1": {"accuracy": [0.3380992430613961], "precision": [0.36591937564584576], "recall": [0.3380992430613961], "f1": [0.3279319427591882]}, "2": {"accuracy": [0.4021272945616744], "precision": [0.41942276149712415], "recall": [0.4021272945616744], "f1": [0.37908643530835395]}, "3": {"accuracy": [0.446159122085048], "precision": [0.4826282679386555], "recall": [0.446159122085048], "f1": [0.4295196164471432]}, "4": {"accuracy": [0.4151170798898072], "precision": [0.444128321903253], "recall": [0.4151170798898072], "f1": [0.39964381072288513]}, "5": {"accuracy": [0.39496661530559835], "precision": [0.3900982964936102], "recall": [0.39496661530559835], "f1": [0.3631946844990088]}}, "SVM": {"1": {"accuracy": [0.5539108494533221], "precision": [0.5570576366229604], "recall": [0.5539108494533221], "f1": [0.5454271400421725]}, "2": {"accuracy": [0.6632355464059015], "precision": [0.6729074682893552], "recall": [0.6632355464059015], "f1": [0.6586359041876156]}, "3": {"accuracy": [0.7211934156378601], "precision": [0.7211736334344759], "recall": [0.7211934156378601], "f1": [0.7165326371712238]}, "4": {"accuracy": [0.709538567493113], "precision": [0.7127510287114023], "recall": [0.709538567493113], "f1": [0.7006803390928981]}, "5": {"accuracy": [0.696798493408663], "precision": [0.7179243126507329], "recall": [0.696798493408663], "f1": [0.6953564851065641]}}, "LR": {"1": {"accuracy": [0.5661900756938604], "precision": [0.560310636935487], "recall": [0.5661900756938604], "f1": [0.5555810808231123]}, "2": {"accuracy": [0.6579173100017156], "precision": [0.6610665918541676], "recall": [0.6579173100017156], "f1": [0.6517272368972189]}, "3": {"accuracy": [0.6844993141289437], "precision": [0.6875120560461041], "recall": [0.6844993141289437], "f1": [0.67898995586174]}, "4": {"accuracy": [0.6862947658402204], "precision": [0.6936932035315575], "recall": [0.6862947658402204], "f1": [0.678660996362082]}, "5": {"accuracy": [0.7022770073617531], "precision": [0.7108970918518863], "recall": [0.7022770073617531], "f1": [0.7007155441336559]}}, "AB": {"1": {"accuracy": [0.11959629941126998], "precision": [0.041102929293632115], "recall": [0.11959629941126998], "f1": [0.04201727596152304]}, "2": {"accuracy": [0.07754331789329216], "precision": [0.071767932985993], "recall": [0.07754331789329216], "f1": [0.03609146539171533]}, "3": {"accuracy": [0.08333333333333333], "precision": [0.039985090142154775], "recall": [0.08333333333333333], "f1": [0.02149941250570904]}, "4": {"accuracy": [0.05578512396694215], "precision": [0.007651757217531773], "recall": [0.05578512396694215], "f1": [0.0122119091185458]}, "5": {"accuracy": [0.0696798493408663], "precision": [0.03258973377374241], "recall": [0.0696798493408663], "f1": [0.028434563139621307]}}, "RF": {"1": {"accuracy": [0.5096719932716569], "precision": [0.4951480656867162], "recall": [0.5096719932716569], "f1": [0.4895389978451896]}, "2": {"accuracy": [0.6047349459598559], "precision": [0.601009205945427], "recall": [0.6047349459598559], "f1": [0.5861799276011025]}, "3": {"accuracy": [0.6692386831275721], "precision": [0.6674378826597369], "recall": [0.6692386831275721], "f1": [0.6608891528250065]}, "4": {"accuracy": [0.6408402203856749], "precision": [0.6385679798057808], "recall": [0.6408402203856749], "f1": [0.6283546611084628]}, "5": {"accuracy": [0.5998972778633795], "precision": [0.6139502362404053], "recall": [0.5998972778633795], "f1": [0.5886077235610516]}}}