{"ZR": {"1": {"accuracy": [0.03349854725687917], "precision": [0.0011221526683213667], "recall": [0.03349854725687917], "f1": [0.002171561191449749]}, "2": {"accuracy": [0.033327636301486926], "precision": [0.0011107313414441891], "recall": [0.033327636301486926], "f1": [0.002149814448822345]}, "3": {"accuracy": [0.03349854725687917], "precision": [0.0011221526683213667], "recall": [0.03349854725687917], "f1": [0.002171561191449749]}, "4": {"accuracy": [0.03349854725687917], "precision": [0.0011221526683213667], "recall": [0.03349854725687917], "f1": [0.002171561191449749]}, "5": {"accuracy": [0.03349854725687917], "precision": [0.0011221526683213667], "recall": [0.03349854725687917], "f1": [0.002171561191449749]}}, "DT": {"1": {"accuracy": [0.5352931122884977], "precision": [0.539728247801993], "recall": [0.5352931122884977], "f1": [0.5369447661782403]}, "2": {"accuracy": [0.5366603999316356], "precision": [0.5387723439494233], "recall": [0.5366603999316356], "f1": [0.5370098988367537]}, "3": {"accuracy": [0.5323876260468297], "precision": [0.5352223514624094], "recall": [0.5323876260468297], "f1": [0.5329529170947285]}, "4": {"accuracy": [0.5452059477012476], "precision": [0.5458863749744349], "recall": [0.5452059477012476], "f1": [0.5448433469421151]}, "5": {"accuracy": [0.5493078106306615], "precision": [0.5507646557526982], "recall": [0.5493078106306615], "f1": [0.5495066805948585]}}, "KNN": {"1": {"accuracy": [0.5428131943257563], "precision": [0.5669611795341353], "recall": [0.5428131943257563], "f1": [0.5325205049316852]}, "2": {"accuracy": [0.5464023243889934], "precision": [0.5742201921688099], "recall": [0.5464023243889934], "f1": [0.5360089717417372]}, "3": {"accuracy": [0.539053153307127], "precision": [0.5680194302801294], "recall": [0.539053153307127], "f1": [0.529761412142111]}, "4": {"accuracy": [0.5523842078277218], "precision": [0.5790568719869585], "recall": [0.5523842078277218], "f1": [0.542154277488423]}, "5": {"accuracy": [0.5491368996752691], "precision": [0.5767103471813146], "recall": [0.5491368996752691], "f1": [0.5378480422675209]}}, "NB": {"1": {"accuracy": [0.4705178601948385], "precision": [0.5025085618512004], "recall": [0.4705178601948385], "f1": [0.45498991286683405]}, "2": {"accuracy": [0.4705178601948385], "precision": [0.5044838185466671], "recall": [0.4705178601948385], "f1": [0.45380769211948535]}, "3": {"accuracy": [0.4782088531874893], "precision": [0.4986851268401918], "recall": [0.4782088531874893], "f1": [0.4606354607836308]}, "4": {"accuracy": [0.4754742779012135], "precision": [0.49937218482969836], "recall": [0.4754742779012135], "f1": [0.45964966445305916]}, "5": {"accuracy": [0.4848743804477867], "precision": [0.5173245037635], "recall": [0.4848743804477867], "f1": [0.4696215674750825]}}, "SVM": {"1": {"accuracy": [0.7875576824474448], "precision": [0.7888033999446775], "recall": [0.7875576824474448], "f1": [0.7868958000034173]}, "2": {"accuracy": [0.7844812852503845], "precision": [0.7860777116984844], "recall": [0.7844812852503845], "f1": [0.783407501101415]}, "3": {"accuracy": [0.7878995043582293], "precision": [0.7899453064172429], "recall": [0.7878995043582293], "f1": [0.7877804214430096]}, "4": {"accuracy": [0.7872158605366604], "precision": [0.7891551387366337], "recall": [0.7872158605366604], "f1": [0.7868411348084468]}, "5": {"accuracy": [0.7971286959494104], "precision": [0.7983015864727828], "recall": [0.7971286959494104], "f1": [0.7963680514885695]}}, "LR": {"1": {"accuracy": [0.75286275850282], "precision": [0.7518294960603449], "recall": [0.75286275850282], "f1": [0.7517468212203244]}, "2": {"accuracy": [0.7552555118783114], "precision": [0.7540158320407441], "recall": [0.7552555118783114], "f1": [0.753876008960956]}, "3": {"accuracy": [0.759870107673902], "precision": [0.7595897440811723], "recall": [0.759870107673902], "f1": [0.759061216426518]}, "4": {"accuracy": [0.7502990941719364], "precision": [0.7506109261792767], "recall": [0.7502990941719364], "f1": [0.7499637238644303]}, "5": {"accuracy": [0.7550846009229192], "precision": [0.7545554274074736], "recall": [0.7550846009229192], "f1": [0.7541681507525346]}}, "AB": {"1": {"accuracy": [0.10203384036916767], "precision": [0.06161418532883199], "recall": [0.10203384036916767], "f1": [0.03866458736964612]}, "2": {"accuracy": [0.1085284566740728], "precision": [0.054049435888211525], "recall": [0.1085284566740728], "f1": [0.041893384951741774]}, "3": {"accuracy": [0.09553922406426252], "precision": [0.02918038277283105], "recall": [0.09553922406426252], "f1": [0.03125910263923135]}, "4": {"accuracy": [0.06716800546915057], "precision": [0.010580201068280998], "recall": [0.06716800546915057], "f1": [0.011846614112982844]}, "5": {"accuracy": [0.06802256024611178], "precision": [0.017232785292588194], "recall": [0.06802256024611178], "f1": [0.012978938836213849]}}, "RF": {"1": {"accuracy": [0.7747393607930269], "precision": [0.7736099217267726], "recall": [0.7747393607930269], "f1": [0.7710719490041765]}, "2": {"accuracy": [0.7631174158263545], "precision": [0.7612260880528807], "recall": [0.7631174158263545], "f1": [0.7595430976274957]}, "3": {"accuracy": [0.775593915569988], "precision": [0.7749611569808014], "recall": [0.775593915569988], "f1": [0.773057915621988]}, "4": {"accuracy": [0.7708084088190053], "precision": [0.7700992577380742], "recall": [0.7708084088190053], "f1": [0.7675606058098808]}, "5": {"accuracy": [0.779183045633225], "precision": [0.7786759322958294], "recall": [0.779183045633225], "f1": [0.7754692919369938]}}}